standid,basalarea,stemdensity,dbh,meanheight,effLAI,stembiomass,woodybiomass,pred_basalarea,pred_meanheight,pred_effLAI,pred_stembiomass,set
24127413,18.42,432,24.72,19.18,2.08,66.62,82.15,0.0,0.0,0.0,0.0,training
24127641,22.43,405,28.24,22.11,2.69,90.05,109.63,0.0,0.0,0.0,0.0,training
24127414,20.26,414,26.28,20.81,3.89,76.06,95.47,0.0,0.0,0.0,0.0,training
24127605,40.5,938,25.87,21.21,7.28,159.4,196.54,0.0,0.0,0.0,0.0,training
24127415,19.94,623,22.79,18.01,3.77,67.55,85.73,0.0,0.0,0.0,0.0,training
24127468,22.49,956,19.02,16.0,3.26,71.19,88.89,0.0,0.0,0.0,0.0,training
24127375,17.91,950,16.72,13.21,1.81,45.8,58.85,0.0,0.0,0.0,0.0,training
24127609,30.69,1079,21.1,18.14,5.09,106.83,132.46,0.0,0.0,0.0,0.0,training
24127376,11.45,398,20.58,13.91,0.96,31.88,41.22,0.0,0.0,0.0,0.0,training
25037164,22.41,988,18.57,15.02,2.42,64.45,81.27,0.0,0.0,0.0,0.0,training
25037162,20.42,1146,16.58,13.89,2.22,55.38,69.91,0.0,0.0,0.0,0.0,training
25037122,23.48,774,21.17,16.8,1.88,74.18,92.06,0.0,0.0,0.0,0.0,training
25037123,10.27,1603,11.34,9.03,1.08,19.96,26.31,0.0,0.0,0.0,0.0,training
25037107,31.66,808,25.8,20.73,3.84,123.41,149.6,0.0,0.0,0.0,0.0,training
25037104,24.45,943,20.16,16.74,2.89,79.34,98.24,0.0,0.0,0.0,0.0,training
25037113,15.47,633,19.07,14.85,1.42,44.76,56.47,0.0,0.0,0.0,0.0,training
25037108,23.58,811,20.96,17.04,2.5,77.01,95.36,0.0,0.0,0.0,0.0,training
25037153,20.35,865,18.84,15.06,2.07,58.76,74.17,0.0,0.0,0.0,0.0,training
24126932,14.53,544,19.95,15.92,1.79,45.34,56.86,0.0,0.0,0.0,0.0,training
24126950,20.73,1012,17.8,15.92,3.32,67.23,82.92,0.0,0.0,0.0,0.0,training
24126891,21.7,387,28.72,23.09,4.22,90.35,111.56,0.0,0.0,0.0,0.0,training
24126889,21.24,549,24.51,20.05,4.26,77.24,97.13,0.0,0.0,0.0,0.0,training
24126951,17.0,632,20.0,16.19,2.02,53.76,67.09,0.0,0.0,0.0,0.0,training
24126879,22.02,755,20.96,16.83,2.66,71.11,88.75,0.0,0.0,0.0,0.0,training
24126882,24.04,616,24.03,19.96,2.47,91.1,110.35,0.0,0.0,0.0,0.0,training
24126877,19.08,487,23.77,18.67,1.75,67.46,82.83,0.0,0.0,0.0,0.0,training
24126885,23.27,716,22.29,18.67,3.89,83.02,103.04,0.0,0.0,0.0,0.0,training
24126878,31.45,990,21.92,19.9,6.04,132.0,159.52,0.0,0.0,0.0,0.0,training
24126881,30.6,1418,18.06,16.47,5.72,101.64,126.11,0.0,0.0,0.0,0.0,training
24129175,30.61,686,26.3,21.23,5.97,120.75,149.82,0.0,0.0,0.0,0.0,training
24129115,24.62,770,22.1,18.91,4.68,92.36,114.13,0.0,0.0,0.0,0.0,training
24129146,25.07,1618,16.2,14.48,3.34,72.64,90.29,0.0,0.0,0.0,0.0,training
24129118,22.18,1515,15.01,12.04,2.67,51.07,66.98,0.0,0.0,0.0,0.0,training
24129126,22.04,978,18.44,16.08,4.24,70.59,88.92,0.0,0.0,0.0,0.0,training
24129130,5.79,203,20.92,16.87,1.24,18.07,23.4,0.0,0.0,0.0,0.0,training
24127045,23.98,1152,17.67,15.23,4.06,72.78,91.81,0.0,0.0,0.0,0.0,training
24129106,19.47,596,21.62,17.49,2.05,64.52,80.01,0.0,0.0,0.0,0.0,training
24129163,27.72,1030,20.49,17.17,3.9,93.54,115.74,0.0,0.0,0.0,0.0,training
24127044,32.68,507,30.94,24.52,3.59,144.24,172.19,0.0,0.0,0.0,0.0,training
24127046,29.19,1329,18.1,16.58,5.12,99.16,122.06,0.0,0.0,0.0,0.0,training
24129145,20.47,1558,14.27,11.75,2.32,45.87,59.88,0.0,0.0,0.0,0.0,training
24129152,23.16,692,22.85,18.59,3.28,83.38,102.83,0.0,0.0,0.0,0.0,training
24129153,20.19,596,22.99,18.43,2.35,73.3,89.77,0.0,0.0,0.0,0.0,training
24129142,16.15,4467,9.16,8.78,1.9,30.26,39.6,0.0,0.0,0.0,0.0,training
24129188,9.07,2557,9.33,8.23,1.23,16.62,22.5,0.0,0.0,0.0,0.0,training
24129167,24.69,553,25.98,21.53,3.96,102.17,124.5,0.0,0.0,0.0,0.0,training
24129171,12.27,785,15.85,13.19,2.08,32.3,41.82,0.0,0.0,0.0,0.0,training
24129172,17.66,979,16.37,14.85,3.14,54.24,67.64,0.0,0.0,0.0,0.0,training
24129173,19.35,1723,13.4,12.29,2.93,49.23,62.29,0.0,0.0,0.0,0.0,training
24129119,24.41,595,25.36,20.6,5.0,89.8,113.01,0.0,0.0,0.0,0.0,training
24129109,11.03,6634,5.36,6.01,0.91,15.43,20.97,0.0,0.0,0.0,0.0,training
24129166,24.55,1083,18.65,15.97,4.65,77.31,97.8,0.0,0.0,0.0,0.0,training
24129077,22.56,729,21.73,17.55,3.16,76.07,94.81,0.0,0.0,0.0,0.0,training
24129087,31.53,659,26.95,21.35,5.54,123.52,152.98,0.0,0.0,0.0,0.0,training
24129079,30.08,417,32.4,25.21,5.45,131.2,160.62,0.0,0.0,0.0,0.0,training
24129090,26.21,616,25.55,21.37,4.24,108.63,132.22,0.0,0.0,0.0,0.0,training
24129046,23.45,740,23.56,18.49,3.43,84.09,104.56,0.0,0.0,0.0,0.0,training
24128056,18.12,604,20.91,16.88,1.68,57.96,71.91,0.0,0.0,0.0,0.0,training
24127087,25.38,777,22.77,18.19,3.03,88.72,109.37,0.0,0.0,0.0,0.0,training
24127086,31.0,1197,19.9,17.35,4.92,107.09,131.97,0.0,0.0,0.0,0.0,training
24127037,27.76,1172,19.4,16.05,3.71,86.45,108.22,0.0,0.0,0.0,0.0,training
24127040,24.68,746,22.67,17.87,2.48,84.33,103.98,0.0,0.0,0.0,0.0,training
24127093,30.47,680,25.99,20.84,4.17,118.02,144.43,0.0,0.0,0.0,0.0,training
24127094,30.37,566,28.12,22.06,3.86,121.5,148.14,0.0,0.0,0.0,0.0,training
24127041,31.1,1075,21.35,17.8,4.49,107.19,132.7,0.0,0.0,0.0,0.0,training
25036476,19.54,659,21.07,17.1,2.85,64.09,80.34,0.0,0.0,0.0,0.0,training
25036482,32.0,887,23.61,19.2,5.4,115.92,144.26,0.0,0.0,0.0,0.0,training
25036486,32.18,1035,21.94,18.79,5.73,116.7,144.55,0.0,0.0,0.0,0.0,training
25036487,18.26,850,17.99,14.69,3.1,51.3,66.34,0.0,0.0,0.0,0.0,training
25036488,25.22,732,22.82,19.17,4.09,95.86,117.63,0.0,0.0,0.0,0.0,training
25036497,30.6,928,22.55,18.94,5.56,112.56,139.7,0.0,0.0,0.0,0.0,training
25036425,22.38,805,20.6,16.88,3.16,73.76,91.97,0.0,0.0,0.0,0.0,training
25036433,38.65,828,26.72,21.7,6.46,156.3,191.67,0.0,0.0,0.0,0.0,training
24126865,29.52,465,30.63,24.16,5.22,126.96,155.32,0.0,0.0,0.0,0.0,training
24126874,28.81,911,22.37,18.66,4.02,103.62,127.2,0.0,0.0,0.0,0.0,training
24129098,28.97,596,27.17,21.44,4.4,115.57,141.79,0.0,0.0,0.0,0.0,training
24126930,25.94,1118,18.5,16.74,3.68,87.7,107.26,0.0,0.0,0.0,0.0,training
24126870,25.32,1299,17.26,14.78,2.9,72.04,90.3,0.0,0.0,0.0,0.0,training
24126866,22.0,458,26.65,21.04,3.6,85.27,105.54,0.0,0.0,0.0,0.0,training
24126869,27.61,1297,18.32,15.49,2.9,80.92,101.04,0.0,0.0,0.0,0.0,training
25036597,37.94,502,33.23,26.29,6.61,172.99,209.52,0.0,0.0,0.0,0.0,training
24126871,21.4,903,18.74,18.06,3.78,82.92,99.44,0.0,0.0,0.0,0.0,training
25036603,25.28,1015,19.21,18.0,4.15,95.82,115.55,0.0,0.0,0.0,0.0,training
25036607,28.97,1408,17.75,16.07,4.43,95.21,116.93,0.0,0.0,0.0,0.0,training
25036483,28.4,920,22.11,18.22,3.29,98.79,121.3,0.0,0.0,0.0,0.0,training
25036493,30.17,790,24.68,19.55,4.35,110.46,136.58,0.0,0.0,0.0,0.0,training
25036498,32.83,1039,22.28,18.33,5.91,112.64,141.57,0.0,0.0,0.0,0.0,training
24129081,30.38,544,29.03,22.83,5.67,122.77,152.01,0.0,0.0,0.0,0.0,training
24129082,23.79,688,23.14,19.03,4.58,86.01,107.63,0.0,0.0,0.0,0.0,training
24129091,29.83,497,29.8,23.44,5.26,124.33,152.82,0.0,0.0,0.0,0.0,training
24129096,19.51,566,23.24,18.43,2.74,69.57,86.17,0.0,0.0,0.0,0.0,training
24129093,21.41,908,19.11,15.68,3.61,64.0,81.72,0.0,0.0,0.0,0.0,training
24129094,24.85,902,20.47,17.63,4.01,86.18,106.61,0.0,0.0,0.0,0.0,training
24129085,18.26,666,20.42,16.04,2.28,57.09,71.81,0.0,0.0,0.0,0.0,training
24126925,24.5,784,22.02,17.66,2.71,82.12,101.67,0.0,0.0,0.0,0.0,training
24126926,15.71,1525,12.7,10.27,2.08,31.99,42.69,0.0,0.0,0.0,0.0,training
24126928,22.19,941,18.87,15.69,2.96,67.37,84.66,0.0,0.0,0.0,0.0,training
25036505,33.83,400,34.62,27.56,5.51,159.97,192.15,0.0,0.0,0.0,0.0,training
25036512,28.25,919,21.9,18.29,4.57,99.97,123.94,0.0,0.0,0.0,0.0,training
25036508,32.56,935,22.95,19.62,5.78,127.25,156.0,0.0,0.0,0.0,0.0,training
25036501,38.6,462,34.81,27.52,6.09,184.99,221.33,0.0,0.0,0.0,0.0,training
25036477,34.31,521,31.39,23.8,6.43,143.33,177.24,0.0,0.0,0.0,0.0,training
25036478,27.89,1130,19.18,17.03,4.44,95.31,117.48,0.0,0.0,0.0,0.0,training
25036511,9.98,2446,10.83,8.5,0.87,17.99,24.01,0.0,0.0,0.0,0.0,training
25036479,40.9,1147,23.82,19.0,6.01,146.05,181.17,0.0,0.0,0.0,0.0,training
25036480,18.79,568,22.25,19.2,2.78,73.16,88.68,0.0,0.0,0.0,0.0,training
25036481,26.39,1188,18.62,15.97,3.24,82.5,102.17,0.0,0.0,0.0,0.0,training
24129154,28.83,1155,19.47,17.63,4.87,106.76,129.61,0.0,0.0,0.0,0.0,training
24129157,21.19,784,20.44,17.11,2.39,70.44,86.68,0.0,0.0,0.0,0.0,training
24129160,14.11,5151,6.27,6.37,1.28,20.13,27.18,0.0,0.0,0.0,0.0,training
24129193,17.46,509,23.55,19.68,1.99,67.21,81.01,0.0,0.0,0.0,0.0,training
24128683,33.84,503,31.53,24.75,5.62,149.91,182.23,0.0,0.0,0.0,0.0,training
24128682,12.68,2764,8.5,6.74,1.11,18.45,25.27,0.0,0.0,0.0,0.0,training
24128684,13.83,1040,14.15,10.96,1.41,29.64,39.16,0.0,0.0,0.0,0.0,training
24128687,20.12,586,22.37,18.45,4.04,70.41,88.94,0.0,0.0,0.0,0.0,training
25036500,38.17,603,30.89,23.49,5.67,160.37,195.6,0.0,0.0,0.0,0.0,training
25036587,13.84,665,17.43,13.16,1.16,35.7,45.86,0.0,0.0,0.0,0.0,training
25037158,21.8,1059,17.71,14.82,2.46,63.13,79.1,0.0,0.0,0.0,0.0,training
25037170,28.05,1199,18.8,16.81,3.51,93.07,113.71,0.0,0.0,0.0,0.0,training
25037169,24.97,505,27.13,21.77,3.37,103.14,125.2,0.0,0.0,0.0,0.0,training
25037174,39.42,737,28.75,22.25,5.99,161.0,196.92,0.0,0.0,0.0,0.0,training
25037166,14.07,2785,23.49,17.82,1.54,47.77,59.25,0.0,0.0,0.0,0.0,training
25036596,29.59,1260,18.99,16.67,5.51,95.33,119.88,0.0,0.0,0.0,0.0,training
25036573,18.29,974,16.56,14.0,3.07,49.59,64.0,0.0,0.0,0.0,0.0,training
25036600,27.3,633,25.32,19.62,3.66,100.32,124.25,0.0,0.0,0.0,0.0,training
25036575,26.88,847,21.93,18.16,3.77,92.04,114.3,0.0,0.0,0.0,0.0,training
25036580,18.87,1032,16.3,14.59,3.09,55.58,69.79,0.0,0.0,0.0,0.0,training
25036560,20.06,1182,16.66,14.41,3.27,58.49,73.76,0.0,0.0,0.0,0.0,training
25036662,15.01,520,21.12,15.56,1.59,45.33,57.57,0.0,0.0,0.0,0.0,training
25036663,24.09,1428,16.4,13.94,2.91,65.61,82.85,0.0,0.0,0.0,0.0,training
25036520,26.09,694,24.14,19.2,3.97,93.37,116.12,0.0,0.0,0.0,0.0,training
25036642,27.55,1481,17.46,15.63,3.98,84.96,105.26,0.0,0.0,0.0,0.0,training
25036521,31.65,819,25.04,19.57,4.37,116.62,143.79,0.0,0.0,0.0,0.0,training
25036645,18.75,1459,14.58,13.29,3.28,51.35,64.96,0.0,0.0,0.0,0.0,training
25037151,24.04,847,20.84,16.89,2.89,77.85,96.97,0.0,0.0,0.0,0.0,training
25037141,19.92,651,21.7,17.7,2.86,67.82,84.43,0.0,0.0,0.0,0.0,training
25037156,32.45,663,26.93,23.22,4.78,147.05,175.48,0.0,0.0,0.0,0.0,training
25037155,20.44,862,18.92,15.53,2.2,61.53,76.89,0.0,0.0,0.0,0.0,training
25036405,22.35,657,22.97,18.62,3.8,78.03,97.73,0.0,0.0,0.0,0.0,training
25037160,22.7,1045,18.18,14.93,2.36,64.27,80.98,0.0,0.0,0.0,0.0,training
25037149,29.82,788,24.12,19.84,4.87,114.65,141.08,0.0,0.0,0.0,0.0,training
25037173,27.46,893,21.84,18.95,4.1,106.08,128.69,0.0,0.0,0.0,0.0,training
25187732,23.68,1005,18.97,16.42,4.45,76.54,96.31,0.0,0.0,0.0,0.0,training
25187735,16.41,889,16.58,13.23,2.33,42.47,55.08,0.0,0.0,0.0,0.0,training
25187712,9.79,3434,9.43,8.3,1.42,17.17,23.7,0.0,0.0,0.0,0.0,training
24128672,15.14,685,17.52,17.83,2.89,60.12,71.3,0.0,0.0,0.0,0.0,training
25036408,35.31,1155,21.19,18.47,3.19,120.6,146.96,0.0,0.0,0.0,0.0,training
25037154,21.55,721,21.36,18.39,3.73,79.98,98.52,0.0,0.0,0.0,0.0,training
25037150,20.68,699,21.22,18.22,3.42,75.95,93.43,0.0,0.0,0.0,0.0,training
25037163,15.32,777,17.06,13.29,1.65,40.15,51.5,0.0,0.0,0.0,0.0,training
25037098,18.71,1107,15.84,12.78,1.55,46.45,59.24,0.0,0.0,0.0,0.0,training
25037099,13.02,562,18.54,13.52,1.23,34.9,44.98,0.0,0.0,0.0,0.0,training
25037100,18.28,835,17.96,13.87,1.66,49.57,63.16,0.0,0.0,0.0,0.0,training
25037101,14.05,941,14.96,11.47,1.18,31.96,41.55,0.0,0.0,0.0,0.0,training
25037102,17.8,1681,13.35,11.53,2.55,41.83,54.08,0.0,0.0,0.0,0.0,training
25037494,23.67,701,22.99,18.09,3.13,82.18,102.09,0.0,0.0,0.0,0.0,training
25037096,7.94,4775,9.6,9.16,1.21,17.29,22.68,0.0,0.0,0.0,0.0,training
25038269,35.98,1479,19.08,18.2,7.08,138.33,167.71,0.0,0.0,0.0,0.0,training
25038270,37.51,546,32.07,24.56,7.22,160.64,198.14,0.0,0.0,0.0,0.0,training
28168872,34.63,563,30.15,24.26,6.78,149.76,183.82,0.0,0.0,0.0,0.0,training
24127496,13.29,589,18.06,12.91,1.34,34.38,44.79,0.0,0.0,0.0,0.0,training
24127497,12.37,584,17.54,13.62,1.32,33.83,43.11,0.0,0.0,0.0,0.0,training
24127455,17.53,916,17.0,14.18,2.53,50.46,63.79,0.0,0.0,0.0,0.0,training
24127452,12.65,1134,13.17,9.79,1.07,25.6,33.88,0.0,0.0,0.0,0.0,training
24127453,16.35,750,17.85,13.84,1.57,44.78,56.98,0.0,0.0,0.0,0.0,training
24127454,16.79,904,16.54,13.25,1.39,43.75,55.48,0.0,0.0,0.0,0.0,training
24127427,20.95,914,18.82,15.6,3.74,63.79,81.26,0.0,0.0,0.0,0.0,training
24127423,15.63,542,20.6,15.57,1.4,47.42,59.67,0.0,0.0,0.0,0.0,training
24127424,27.73,876,22.2,17.94,3.62,95.89,118.67,0.0,0.0,0.0,0.0,training
24127481,31.08,1198,20.01,17.37,5.21,106.96,132.34,0.0,0.0,0.0,0.0,training
28168807,24.35,620,23.89,18.99,2.1,86.72,106.07,0.0,0.0,0.0,0.0,training
24127342,21.87,967,18.45,14.84,2.09,60.36,76.59,0.0,0.0,0.0,0.0,training
24129206,21.33,1009,18.02,15.56,3.84,66.59,83.85,0.0,0.0,0.0,0.0,training
24129216,13.9,1604,12.18,10.49,1.96,29.9,39.14,0.0,0.0,0.0,0.0,training
24129292,6.52,1792,7.45,8.09,0.87,11.37,14.95,0.0,0.0,0.0,0.0,training
24129299,24.53,1154,17.79,15.89,4.2,78.71,97.99,0.0,0.0,0.0,0.0,training
24126997,14.87,890,15.74,12.09,1.25,35.57,45.94,0.0,0.0,0.0,0.0,training
24129294,11.48,645,16.02,16.42,2.17,43.09,51.2,0.0,0.0,0.0,0.0,training
24129205,30.8,683,26.35,21.43,5.92,121.02,150.08,0.0,0.0,0.0,0.0,training
24126963,12.86,1024,13.89,11.38,2.3,29.43,39.21,0.0,0.0,0.0,0.0,training
24126894,20.86,728,21.21,16.62,3.4,67.42,85.42,0.0,0.0,0.0,0.0,training
24129300,19.6,2139,13.18,13.27,3.16,55.99,68.61,0.0,0.0,0.0,0.0,training
24126998,33.62,684,27.38,21.8,6.46,133.44,165.74,0.0,0.0,0.0,0.0,training
24126958,28.57,703,24.75,20.0,3.92,107.9,132.49,0.0,0.0,0.0,0.0,training
24126968,15.84,522,21.21,15.91,1.45,48.92,61.51,0.0,0.0,0.0,0.0,training
24127008,32.03,777,24.97,21.39,6.03,133.51,162.97,0.0,0.0,0.0,0.0,training
24126959,10.14,2681,7.76,6.86,0.91,15.33,20.69,0.0,0.0,0.0,0.0,training
24127007,29.52,685,25.79,21.18,5.82,117.33,145.56,0.0,0.0,0.0,0.0,training
24127005,24.03,619,24.29,19.41,3.85,87.91,109.24,0.0,0.0,0.0,0.0,training
24126895,28.95,590,27.27,21.82,5.38,115.44,143.03,0.0,0.0,0.0,0.0,training
24126982,27.09,745,23.69,19.79,5.44,99.7,124.72,0.0,0.0,0.0,0.0,training
24126988,17.69,616,21.02,16.06,2.21,55.34,69.84,0.0,0.0,0.0,0.0,training
24126989,21.99,464,26.75,21.54,4.36,85.43,106.53,0.0,0.0,0.0,0.0,training
24126991,30.1,490,30.13,23.76,5.59,127.94,157.35,0.0,0.0,0.0,0.0,training
24126992,34.24,635,28.51,23.21,6.84,143.68,177.18,0.0,0.0,0.0,0.0,training
24127003,33.01,602,29.01,22.94,6.59,134.47,166.88,0.0,0.0,0.0,0.0,training
24126993,23.19,423,28.51,23.27,4.79,98.55,121.43,0.0,0.0,0.0,0.0,training
24129283,20.12,1950,13.55,13.69,3.36,60.08,73.25,0.0,0.0,0.0,0.0,training
24126942,16.67,640,19.68,16.94,2.62,57.55,71.0,0.0,0.0,0.0,0.0,training
24126946,24.79,815,21.67,17.83,4.0,83.99,105.12,0.0,0.0,0.0,0.0,training
24126948,26.11,1447,16.58,15.07,3.76,79.11,97.93,0.0,0.0,0.0,0.0,training
24126972,24.88,1143,18.38,17.83,4.69,93.02,112.07,0.0,0.0,0.0,0.0,training
24126901,35.32,549,30.65,24.93,6.56,160.59,195.11,0.0,0.0,0.0,0.0,training
24126909,29.61,491,29.93,23.88,5.41,125.5,154.05,0.0,0.0,0.0,0.0,training
24126971,23.58,1275,16.74,15.59,4.33,76.45,94.28,0.0,0.0,0.0,0.0,training
24126906,25.61,757,22.67,18.41,4.03,88.69,110.81,0.0,0.0,0.0,0.0,training
24126976,49.52,709,33.41,26.75,6.43,241.29,284.55,0.0,0.0,0.0,0.0,training
24126975,31.92,625,28.15,22.27,6.19,131.58,162.5,0.0,0.0,0.0,0.0,training
24127069,5.3,5893,5.56,4.35,0.97,5.66,9.29,0.0,0.0,0.0,0.0,training
24127070,23.51,529,25.94,20.81,4.11,90.04,111.7,0.0,0.0,0.0,0.0,training
24127137,10.74,1177,11.83,9.66,1.69,21.69,29.17,0.0,0.0,0.0,0.0,training
24127072,32.85,1496,18.16,16.69,6.39,112.8,139.37,0.0,0.0,0.0,0.0,training
24127073,18.34,607,21.34,15.81,2.14,55.79,71.05,0.0,0.0,0.0,0.0,training
24127074,17.48,1752,12.53,9.93,2.11,34.02,45.79,0.0,0.0,0.0,0.0,training
24127075,19.62,1084,16.47,13.71,3.19,52.41,67.73,0.0,0.0,0.0,0.0,training
24127076,18.39,1310,14.72,12.49,3.3,45.2,59.33,0.0,0.0,0.0,0.0,training
24127080,29.47,1551,17.14,16.57,5.27,101.51,123.32,0.0,0.0,0.0,0.0,training
24127081,32.4,780,25.36,20.55,6.22,121.36,151.59,0.0,0.0,0.0,0.0,training
24127138,21.58,1222,16.26,13.39,2.48,55.12,70.66,0.0,0.0,0.0,0.0,training
24127014,19.19,620,23.16,18.94,3.33,68.61,85.73,0.0,0.0,0.0,0.0,training
24127032,27.25,910,21.53,17.71,4.13,91.74,114.51,0.0,0.0,0.0,0.0,training
24127020,19.64,286,31.25,24.09,2.52,83.97,101.62,0.0,0.0,0.0,0.0,training
24127105,19.69,1817,13.61,12.87,3.07,52.21,65.48,0.0,0.0,0.0,0.0,training
24127106,35.21,466,33.11,25.92,6.57,157.37,192.32,0.0,0.0,0.0,0.0,training
24129139,25.33,505,27.63,22.19,5.04,100.59,125.17,0.0,0.0,0.0,0.0,training
28166582,19.31,1081,16.32,13.34,2.16,49.24,63.24,0.0,0.0,0.0,0.0,training
24129122,21.72,823,20.3,16.76,3.63,70.31,88.54,0.0,0.0,0.0,0.0,training
24129140,19.55,831,18.48,16.07,3.17,61.3,76.88,0.0,0.0,0.0,0.0,training
24126940,30.67,983,22.0,18.07,4.4,106.44,131.9,0.0,0.0,0.0,0.0,training
24126977,25.34,910,20.68,17.2,3.64,84.21,104.85,0.0,0.0,0.0,0.0,training
24126978,34.14,757,26.3,21.61,6.63,137.63,170.06,0.0,0.0,0.0,0.0,training
24126981,7.75,154,26.72,21.37,1.08,30.36,37.23,0.0,0.0,0.0,0.0,training
24127047,22.2,1480,15.45,12.89,2.84,56.57,72.45,0.0,0.0,0.0,0.0,training
24127049,25.05,1271,17.17,16.48,4.19,87.13,105.4,0.0,0.0,0.0,0.0,training
24127050,27.69,1676,16.28,14.8,3.88,82.28,101.95,0.0,0.0,0.0,0.0,training
24127052,13.72,975,14.66,11.36,2.08,31.28,41.63,0.0,0.0,0.0,0.0,training
24127091,32.76,662,27.26,21.79,4.41,131.25,159.94,0.0,0.0,0.0,0.0,training
24127055,19.54,616,22.05,17.61,3.1,64.66,81.6,0.0,0.0,0.0,0.0,training
24127056,31.9,1717,16.62,16.19,5.78,109.55,133.0,0.0,0.0,0.0,0.0,training
24127062,28.08,803,23.22,18.95,4.94,100.12,125.2,0.0,0.0,0.0,0.0,training
24127057,24.63,1718,15.32,13.47,3.19,66.69,83.76,0.0,0.0,0.0,0.0,training
24127060,27.54,1504,16.75,15.13,4.03,83.94,103.95,0.0,0.0,0.0,0.0,training
24127063,24.3,1267,17.27,15.34,4.43,74.61,93.71,0.0,0.0,0.0,0.0,training
24127064,30.56,1103,20.51,17.14,4.06,100.79,125.2,0.0,0.0,0.0,0.0,training
24127065,19.42,1277,15.33,13.66,3.42,54.18,68.81,0.0,0.0,0.0,0.0,training
24127140,8.53,2256,7.54,7.27,1.05,13.59,18.39,0.0,0.0,0.0,0.0,training
24127068,26.51,826,23.39,18.91,4.69,94.49,118.04,0.0,0.0,0.0,0.0,training
24129071,21.94,665,22.44,18.13,3.8,75.05,94.45,0.0,0.0,0.0,0.0,training
24129073,25.36,924,20.52,17.34,3.89,86.32,107.04,0.0,0.0,0.0,0.0,training
24129075,20.11,655,21.55,16.86,2.25,64.08,80.35,0.0,0.0,0.0,0.0,training
24129076,17.1,429,24.3,18.18,1.79,58.53,72.91,0.0,0.0,0.0,0.0,training
24129064,23.09,783,21.24,17.38,3.74,75.81,95.42,0.0,0.0,0.0,0.0,training
24129067,32.07,1257,20.11,17.29,5.58,109.86,136.42,0.0,0.0,0.0,0.0,training
24126933,23.83,852,20.8,17.58,4.31,78.96,99.39,0.0,0.0,0.0,0.0,training
28166579,25.82,947,20.59,17.43,4.34,89.24,110.81,0.0,0.0,0.0,0.0,training
24126937,16.1,612,20.04,16.04,2.03,50.81,63.61,0.0,0.0,0.0,0.0,training
24126941,21.69,1412,15.56,13.56,3.84,58.77,75.35,0.0,0.0,0.0,0.0,training
24126944,23.28,1178,17.36,14.75,3.9,67.75,86.17,0.0,0.0,0.0,0.0,training
24126945,30.79,1141,20.73,17.33,5.47,105.76,132.21,0.0,0.0,0.0,0.0,training
24129051,19.22,1993,12.26,10.6,2.37,40.44,52.75,0.0,0.0,0.0,0.0,training
24129048,6.47,1797,7.6,6.91,1.01,9.25,13.26,0.0,0.0,0.0,0.0,training
24127143,31.04,1042,21.31,18.18,4.29,106.83,131.89,0.0,0.0,0.0,0.0,training
24127145,36.25,487,32.85,26.01,5.47,164.68,198.21,0.0,0.0,0.0,0.0,training
24127146,28.56,821,23.16,19.05,4.41,102.55,127.08,0.0,0.0,0.0,0.0,training
24127147,31.28,498,30.95,23.53,5.77,127.74,158.21,0.0,0.0,0.0,0.0,training
24127151,36.43,605,29.84,23.57,5.72,153.5,187.18,0.0,0.0,0.0,0.0,training
24127123,24.82,739,22.78,19.19,4.85,89.01,111.44,0.0,0.0,0.0,0.0,training
24127124,7.39,1859,10.99,9.14,1.06,13.68,18.66,0.0,0.0,0.0,0.0,training
24127131,21.99,544,24.99,20.19,4.35,79.99,100.7,0.0,0.0,0.0,0.0,training
24127155,22.59,1038,18.3,15.1,3.33,66.87,84.69,0.0,0.0,0.0,0.0,training
24127158,28.49,998,21.07,17.92,3.16,97.25,119.14,0.0,0.0,0.0,0.0,training
24127159,29.04,1165,19.7,17.02,5.54,95.14,119.74,0.0,0.0,0.0,0.0,training
24127085,24.63,607,24.92,19.57,2.41,90.86,110.91,0.0,0.0,0.0,0.0,training
24127160,15.53,541,21.41,16.72,2.66,50.07,63.58,0.0,0.0,0.0,0.0,training
24127161,28.8,715,25.29,19.92,2.98,107.29,130.86,0.0,0.0,0.0,0.0,training
24127165,31.74,1190,20.33,17.59,5.77,108.84,135.64,0.0,0.0,0.0,0.0,training
24127166,25.37,727,22.8,18.37,2.5,88.54,108.72,0.0,0.0,0.0,0.0,training
24127167,21.84,1549,15.5,14.11,3.56,63.76,79.5,0.0,0.0,0.0,0.0,training
24127168,14.92,704,18.11,14.76,2.77,43.38,55.9,0.0,0.0,0.0,0.0,training
24127169,19.48,2045,12.89,12.41,3.24,50.14,63.18,0.0,0.0,0.0,0.0,training
24127174,29.19,639,26.78,21.01,5.54,113.47,141.26,0.0,0.0,0.0,0.0,training
24127176,25.56,1349,16.85,16.07,4.63,86.78,105.82,0.0,0.0,0.0,0.0,training
24127178,31.53,1258,19.58,17.15,5.05,106.38,131.64,0.0,0.0,0.0,0.0,training
24127179,22.73,572,24.62,19.36,3.16,81.23,101.0,0.0,0.0,0.0,0.0,training
24128124,24.76,634,24.62,20.14,3.87,94.52,116.19,0.0,0.0,0.0,0.0,training
24128061,14.36,1672,12.47,9.54,1.79,27.01,36.86,0.0,0.0,0.0,0.0,training
24128075,12.05,2031,11.52,9.21,1.1,22.28,29.56,0.0,0.0,0.0,0.0,training
24128062,22.26,558,24.94,19.74,2.33,82.85,101.06,0.0,0.0,0.0,0.0,training
24128067,12.31,2033,10.52,8.38,1.37,20.76,28.37,0.0,0.0,0.0,0.0,training
24127153,20.02,571,22.63,18.02,1.57,68.67,84.17,0.0,0.0,0.0,0.0,training
24128043,34.08,724,26.83,21.98,6.7,138.5,171.01,0.0,0.0,0.0,0.0,training
24128028,25.8,920,20.95,17.39,4.8,85.94,108.36,0.0,0.0,0.0,0.0,training
24128040,41.95,1143,23.91,20.67,8.47,162.73,201.42,0.0,0.0,0.0,0.0,training
24128044,17.18,680,19.34,14.4,1.77,48.36,61.93,0.0,0.0,0.0,0.0,training
24128042,29.2,920,22.47,18.11,4.88,100.51,125.88,0.0,0.0,0.0,0.0,training
24128128,17.42,569,21.14,16.16,1.68,54.11,67.94,0.0,0.0,0.0,0.0,training
24128029,28.33,1015,21.09,17.16,5.09,94.85,119.42,0.0,0.0,0.0,0.0,training
24128134,21.85,957,18.77,15.68,4.01,68.5,86.79,0.0,0.0,0.0,0.0,training
24128130,18.72,378,27.01,21.35,2.45,74.81,91.16,0.0,0.0,0.0,0.0,training
24128164,11.39,1006,13.58,11.27,1.76,26.55,34.7,0.0,0.0,0.0,0.0,training
24128133,23.75,875,20.4,17.01,4.24,79.46,99.78,0.0,0.0,0.0,0.0,training
24127188,22.23,691,21.84,17.73,2.44,74.46,92.23,0.0,0.0,0.0,0.0,training
24127960,28.15,856,22.29,19.93,5.23,117.03,141.75,0.0,0.0,0.0,0.0,training
24127181,31.13,466,31.38,24.4,5.07,135.0,164.48,0.0,0.0,0.0,0.0,training
24127200,28.56,1152,19.74,16.73,5.5,94.29,118.81,0.0,0.0,0.0,0.0,training
24127957,24.67,653,23.66,18.84,2.53,86.65,106.7,0.0,0.0,0.0,0.0,training
24127189,14.54,1541,13.23,11.99,2.5,36.4,46.59,0.0,0.0,0.0,0.0,training
24127173,28.62,545,28.1,22.04,4.74,115.63,142.39,0.0,0.0,0.0,0.0,training
24127928,31.9,543,29.77,23.3,5.61,132.54,162.94,0.0,0.0,0.0,0.0,training
24127141,32.38,1191,20.45,18.23,6.33,114.05,141.84,0.0,0.0,0.0,0.0,training
24127926,26.67,785,23.17,19.07,4.13,99.33,122.16,0.0,0.0,0.0,0.0,training
24128051,23.73,1371,16.23,14.41,4.13,70.64,88.67,0.0,0.0,0.0,0.0,training
24126441,26.77,821,22.91,18.31,3.06,94.2,115.81,0.0,0.0,0.0,0.0,training
24128168,13.09,887,15.87,13.0,1.75,34.57,44.12,0.0,0.0,0.0,0.0,training
24128082,40.76,974,25.71,20.5,7.09,157.26,194.4,0.0,0.0,0.0,0.0,training
24128159,23.55,737,22.25,17.11,2.91,78.11,97.66,0.0,0.0,0.0,0.0,training
24128086,22.72,767,21.25,17.59,3.35,74.94,93.87,0.0,0.0,0.0,0.0,training
24128102,12.04,1423,13.51,11.0,0.96,25.52,33.05,0.0,0.0,0.0,0.0,training
24128088,30.53,872,23.83,18.41,3.8,107.69,133.23,0.0,0.0,0.0,0.0,training
24128090,11.75,1935,11.57,8.92,1.02,21.42,28.51,0.0,0.0,0.0,0.0,training
24128080,20.17,487,24.45,19.66,1.73,74.13,90.16,0.0,0.0,0.0,0.0,training
24127164,35.01,658,28.71,22.5,3.67,142.92,172.34,0.0,0.0,0.0,0.0,training
24128157,22.85,1083,17.66,16.25,4.37,78.35,96.59,0.0,0.0,0.0,0.0,training
24127220,19.48,638,21.54,16.85,2.25,63.79,79.53,0.0,0.0,0.0,0.0,training
24127185,23.53,561,25.23,20.43,2.66,91.0,110.46,0.0,0.0,0.0,0.0,training
24127186,24.31,981,19.46,15.97,3.06,74.32,93.29,0.0,0.0,0.0,0.0,training
28168813,12.55,377,22.04,16.75,1.0,40.27,50.14,0.0,0.0,0.0,0.0,training
24127210,31.17,513,29.73,23.36,3.13,130.46,156.85,0.0,0.0,0.0,0.0,training
28168812,22.15,623,22.67,18.69,1.98,78.17,95.39,0.0,0.0,0.0,0.0,training
24127213,21.94,599,23.47,18.44,2.39,77.09,95.09,0.0,0.0,0.0,0.0,training
28168811,18.24,455,24.12,19.05,1.4,65.56,79.93,0.0,0.0,0.0,0.0,training
24127208,18.93,622,21.16,17.1,1.72,61.57,76.12,0.0,0.0,0.0,0.0,training
24127196,10.74,3028,7.45,5.95,0.97,14.17,19.86,0.0,0.0,0.0,0.0,training
24127206,24.18,1270,16.91,15.62,4.1,77.92,96.02,0.0,0.0,0.0,0.0,training
24127959,19.49,903,17.99,15.27,3.33,59.14,74.84,0.0,0.0,0.0,0.0,training
24127212,15.72,783,17.1,13.0,1.48,39.86,51.47,0.0,0.0,0.0,0.0,training
24127219,17.92,630,20.43,16.15,1.45,55.26,68.81,0.0,0.0,0.0,0.0,training
24128170,29.68,1176,19.64,17.46,5.65,103.88,128.76,0.0,0.0,0.0,0.0,training
24127205,19.18,899,17.89,15.28,2.75,59.43,74.1,0.0,0.0,0.0,0.0,training
24127203,12.81,1485,12.45,9.26,1.07,24.12,32.21,0.0,0.0,0.0,0.0,training
24127204,32.9,1136,21.31,18.29,5.63,123.8,151.46,0.0,0.0,0.0,0.0,training
24127017,24.46,1307,16.86,15.37,4.39,76.37,95.12,0.0,0.0,0.0,0.0,training
24127030,19.89,572,22.79,17.95,2.14,67.68,83.88,0.0,0.0,0.0,0.0,training
24127109,25.84,498,27.81,22.2,4.48,103.92,128.08,0.0,0.0,0.0,0.0,training
24127019,23.29,1302,16.79,14.48,3.17,66.4,83.56,0.0,0.0,0.0,0.0,training
24127023,21.5,1211,16.72,14.1,3.6,59.53,76.31,0.0,0.0,0.0,0.0,training
24126994,33.0,1558,18.25,16.79,5.18,113.84,138.62,0.0,0.0,0.0,0.0,training
24127102,20.87,1209,16.06,13.2,2.45,53.52,68.53,0.0,0.0,0.0,0.0,training
24127103,25.79,1779,15.25,14.38,4.15,76.72,94.92,0.0,0.0,0.0,0.0,training
24127024,16.92,516,21.93,15.91,1.59,51.98,65.82,0.0,0.0,0.0,0.0,training
24128022,33.04,755,25.85,21.52,6.31,129.68,160.43,0.0,0.0,0.0,0.0,training
24127986,12.37,2869,8.23,7.65,1.74,19.79,27.2,0.0,0.0,0.0,0.0,training
24127101,30.74,704,26.09,21.12,5.97,117.52,146.53,0.0,0.0,0.0,0.0,training
24127878,24.67,441,28.39,22.46,2.23,100.73,121.14,0.0,0.0,0.0,0.0,training
24129306,20.74,2253,12.31,10.98,2.89,45.56,59.15,0.0,0.0,0.0,0.0,training
24127876,31.15,476,30.84,24.11,4.21,133.83,161.91,0.0,0.0,0.0,0.0,training
24128023,39.17,740,28.5,22.78,7.33,158.58,195.91,0.0,0.0,0.0,0.0,training
24129303,25.82,495,27.89,22.19,4.59,104.81,129.29,0.0,0.0,0.0,0.0,training
24127012,26.52,887,21.66,18.19,4.82,92.43,115.49,0.0,0.0,0.0,0.0,training
24129032,34.87,839,25.38,20.76,6.71,136.79,169.42,0.0,0.0,0.0,0.0,training
24129304,14.68,2125,12.31,10.81,2.25,32.27,42.29,0.0,0.0,0.0,0.0,training
24127028,13.78,610,18.19,13.75,1.15,37.2,47.46,0.0,0.0,0.0,0.0,training
24129204,17.73,2603,10.94,10.74,2.65,40.8,51.7,0.0,0.0,0.0,0.0,training
24129030,30.61,810,24.24,19.44,5.44,110.28,138.19,0.0,0.0,0.0,0.0,training
24129057,17.16,403,25.07,20.21,2.54,65.91,81.05,0.0,0.0,0.0,0.0,training
24127489,12.8,737,15.91,15.47,2.4,45.91,55.36,0.0,0.0,0.0,0.0,training
24127491,11.53,1151,13.59,10.77,1.84,25.06,33.6,0.0,0.0,0.0,0.0,training
24127502,33.61,638,28.27,22.14,5.95,134.9,166.61,0.0,0.0,0.0,0.0,training
24127498,11.24,1074,13.15,10.88,1.67,25.43,33.32,0.0,0.0,0.0,0.0,training
24127457,20.51,771,20.1,17.7,3.69,73.49,90.54,0.0,0.0,0.0,0.0,training
24127494,20.19,768,20.23,16.32,3.4,63.83,80.96,0.0,0.0,0.0,0.0,training
24127458,18.68,700,20.19,16.55,3.22,59.08,74.92,0.0,0.0,0.0,0.0,training
24127797,33.34,1241,20.26,17.97,5.76,116.89,144.34,0.0,0.0,0.0,0.0,training
24127838,13.14,3389,9.57,8.65,1.72,23.87,32.04,0.0,0.0,0.0,0.0,training
24127839,32.88,1313,19.57,17.26,5.68,112.25,139.1,0.0,0.0,0.0,0.0,training
24127363,30.72,578,28.3,22.43,5.84,124.79,154.43,0.0,0.0,0.0,0.0,training
24127495,23.69,651,23.59,18.94,4.07,83.8,105.01,0.0,0.0,0.0,0.0,training
24127459,24.14,701,23.06,18.69,3.15,86.74,106.78,0.0,0.0,0.0,0.0,training
24128894,14.2,406,22.07,16.99,2.84,53.5,67.96,0.0,0.0,0.0,0.0,training
24128895,17.94,669,19.92,17.43,3.57,69.11,84.88,0.0,0.0,0.0,0.0,training
24127945,27.13,921,22.77,17.61,3.72,93.42,116.03,0.0,0.0,0.0,0.0,training
24127940,18.16,1274,14.87,12.66,2.91,45.3,58.8,0.0,0.0,0.0,0.0,training
24127883,17.15,1494,13.35,11.39,2.7,38.6,50.76,0.0,0.0,0.0,0.0,training
24127950,26.27,1310,17.52,15.19,4.15,78.77,99.11,0.0,0.0,0.0,0.0,training
24127951,24.9,935,20.55,16.76,4.52,83.32,105.02,0.0,0.0,0.0,0.0,training
24127952,19.17,1683,13.4,11.52,3.49,42.86,57.14,0.0,0.0,0.0,0.0,training
24127116,35.56,892,25.05,19.87,5.71,132.96,164.61,0.0,0.0,0.0,0.0,training
24127954,19.1,1277,15.21,13.17,3.55,49.9,64.69,0.0,0.0,0.0,0.0,training
24127930,23.51,1561,15.73,14.35,4.23,68.07,85.68,0.0,0.0,0.0,0.0,training
24127117,19.25,715,20.02,15.98,1.73,59.57,74.16,0.0,0.0,0.0,0.0,training
24127120,18.0,535,22.31,17.33,1.71,59.58,73.97,0.0,0.0,0.0,0.0,training
24127108,8.58,4881,5.18,5.5,0.92,11.26,15.92,0.0,0.0,0.0,0.0,training
24127104,27.7,1424,17.14,16.21,5.09,93.39,114.42,0.0,0.0,0.0,0.0,training
24127114,19.29,1162,16.34,14.25,3.32,54.98,69.78,0.0,0.0,0.0,0.0,training
24127111,8.39,3368,7.02,6.08,0.99,11.72,16.7,0.0,0.0,0.0,0.0,training
24127882,27.39,498,28.33,22.39,2.76,111.73,134.74,0.0,0.0,0.0,0.0,training
24127857,11.5,628,16.4,12.49,0.97,28.84,37.04,0.0,0.0,0.0,0.0,training
24127859,18.69,819,18.23,14.14,1.81,51.4,65.48,0.0,0.0,0.0,0.0,training
24127887,19.5,649,21.71,17.36,3.38,64.54,81.72,0.0,0.0,0.0,0.0,training
24127888,23.85,583,24.7,20.19,4.81,86.62,108.98,0.0,0.0,0.0,0.0,training
24127980,23.59,400,29.18,23.27,2.41,99.84,119.72,0.0,0.0,0.0,0.0,training
24127889,9.54,1459,11.26,10.57,1.31,21.24,27.13,0.0,0.0,0.0,0.0,training
24127982,18.0,585,20.89,16.44,1.64,55.09,69.11,0.0,0.0,0.0,0.0,training
24127872,27.92,543,27.65,22.36,3.89,115.99,140.71,0.0,0.0,0.0,0.0,training
24127871,30.34,673,25.8,20.71,3.79,116.84,142.79,0.0,0.0,0.0,0.0,training
24128021,39.13,817,26.95,22.45,7.52,162.07,199.16,0.0,0.0,0.0,0.0,training
24127875,27.11,560,27.21,21.86,5.06,104.91,130.52,0.0,0.0,0.0,0.0,training
24127829,11.8,2194,9.3,7.79,0.91,18.6,24.84,0.0,0.0,0.0,0.0,training
24127367,19.62,456,24.93,19.69,1.65,72.2,87.94,0.0,0.0,0.0,0.0,training
24127803,19.38,429,25.4,20.63,1.7,73.73,89.28,0.0,0.0,0.0,0.0,training
24127828,19.24,613,22.07,17.14,2.03,63.78,79.22,0.0,0.0,0.0,0.0,training
24127802,17.15,432,24.0,18.93,1.32,61.2,74.71,0.0,0.0,0.0,0.0,training
24127798,11.43,2216,9.3,7.73,0.88,18.05,24.15,0.0,0.0,0.0,0.0,training
24127370,16.84,887,17.2,13.16,1.41,46.12,58.31,0.0,0.0,0.0,0.0,training
24127805,22.47,776,20.92,16.58,2.17,71.62,89.12,0.0,0.0,0.0,0.0,training
24128019,30.52,898,23.19,18.71,3.26,108.24,132.56,0.0,0.0,0.0,0.0,training
24128020,41.07,1225,22.67,19.64,7.31,158.76,194.57,0.0,0.0,0.0,0.0,training
24127359,16.1,938,16.44,13.15,1.95,41.97,53.86,0.0,0.0,0.0,0.0,training
24127360,16.25,663,19.01,14.68,1.49,46.52,58.85,0.0,0.0,0.0,0.0,training
24127894,18.17,834,17.97,14.66,1.92,51.27,64.72,0.0,0.0,0.0,0.0,training
24127895,16.12,2130,10.95,8.97,1.54,27.97,37.58,0.0,0.0,0.0,0.0,training
24127965,21.05,686,21.77,18.08,3.3,76.22,94.05,0.0,0.0,0.0,0.0,training
24127992,14.37,858,15.75,11.84,1.21,33.97,44.1,0.0,0.0,0.0,0.0,training
24127966,25.25,641,24.6,20.07,3.29,98.27,119.58,0.0,0.0,0.0,0.0,training
24127897,27.14,694,24.54,19.56,2.72,99.15,121.09,0.0,0.0,0.0,0.0,training
24127968,20.89,679,21.64,19.33,3.76,84.54,102.49,0.0,0.0,0.0,0.0,training
24127898,21.02,582,23.34,18.51,3.4,73.61,92.25,0.0,0.0,0.0,0.0,training
24127969,26.48,653,24.65,21.96,4.52,121.3,144.78,0.0,0.0,0.0,0.0,training
24127970,23.27,834,20.51,18.34,3.75,88.61,107.43,0.0,0.0,0.0,0.0,training
24127899,19.81,619,21.72,17.54,1.57,65.24,80.31,0.0,0.0,0.0,0.0,training
24127974,7.29,3370,5.75,5.71,0.89,9.56,13.67,0.0,0.0,0.0,0.0,training
24127606,27.29,840,22.46,18.32,2.99,96.26,117.91,0.0,0.0,0.0,0.0,training
24127417,13.82,802,16.24,13.45,1.29,38.93,48.5,0.0,0.0,0.0,0.0,training
24127470,15.48,757,17.51,13.81,1.59,41.98,53.49,0.0,0.0,0.0,0.0,training
24127418,18.14,496,23.01,18.01,1.89,61.39,76.14,0.0,0.0,0.0,0.0,training
24127366,11.76,1750,10.36,8.23,0.94,18.34,25.02,0.0,0.0,0.0,0.0,training
24128017,13.01,456,20.52,15.2,1.06,38.68,48.83,0.0,0.0,0.0,0.0,training
24127908,21.35,571,23.37,18.67,1.66,74.9,91.51,0.0,0.0,0.0,0.0,training
24127904,18.74,764,19.05,15.25,1.53,54.88,68.66,0.0,0.0,0.0,0.0,training
24127910,20.49,649,21.58,17.15,1.63,66.52,82.2,0.0,0.0,0.0,0.0,training
24127901,10.91,372,20.79,14.84,0.9,31.76,40.45,0.0,0.0,0.0,0.0,training
24127916,20.03,463,25.38,19.73,2.22,75.02,91.9,0.0,0.0,0.0,0.0,training
24127961,10.5,522,17.19,12.53,0.89,26.59,34.39,0.0,0.0,0.0,0.0,training
24128001,17.29,1363,13.97,12.6,2.59,44.23,56.12,0.0,0.0,0.0,0.0,training
24127865,14.07,831,15.86,12.38,1.18,34.61,44.39,0.0,0.0,0.0,0.0,training
24127856,21.12,5937,7.88,7.27,1.51,33.45,43.55,0.0,0.0,0.0,0.0,training
24127860,18.24,504,23.28,18.24,1.83,64.98,79.6,0.0,0.0,0.0,0.0,training
24127811,10.7,529,17.37,12.3,0.91,26.45,34.51,0.0,0.0,0.0,0.0,training
24127814,19.17,640,20.95,16.22,1.7,59.61,74.53,0.0,0.0,0.0,0.0,training
24127826,19.78,602,21.69,17.08,1.58,64.07,79.34,0.0,0.0,0.0,0.0,training
24127834,12.85,437,20.8,15.81,1.04,39.47,49.42,0.0,0.0,0.0,0.0,training
24127807,22.74,843,20.73,16.98,3.54,75.43,94.29,0.0,0.0,0.0,0.0,training
24127810,11.64,609,16.83,12.38,1.12,28.86,37.55,0.0,0.0,0.0,0.0,training
24127835,11.74,418,20.38,14.69,0.97,33.97,43.23,0.0,0.0,0.0,0.0,training
24127372,17.51,916,16.96,14.04,3.07,47.92,62.01,0.0,0.0,0.0,0.0,training
24127607,23.48,963,19.44,16.48,4.55,74.69,94.75,0.0,0.0,0.0,0.0,training
24128008,12.53,531,18.73,13.72,1.05,34.12,43.67,0.0,0.0,0.0,0.0,training
24128006,13.33,479,20.24,14.95,1.09,39.07,49.45,0.0,0.0,0.0,0.0,training
24127994,17.94,788,18.43,15.0,1.6,51.43,64.53,0.0,0.0,0.0,0.0,training
24127881,19.38,389,26.97,21.29,1.82,75.79,91.79,0.0,0.0,0.0,0.0,training
24128004,12.94,647,17.08,13.38,1.08,34.33,43.59,0.0,0.0,0.0,0.0,training
24127990,18.73,633,20.95,16.03,1.51,57.72,72.18,0.0,0.0,0.0,0.0,training
24127977,23.95,438,28.08,22.13,2.31,96.98,116.99,0.0,0.0,0.0,0.0,training
24127991,15.59,854,16.44,12.64,1.31,39.2,50.27,0.0,0.0,0.0,0.0,training
24127996,18.5,973,16.75,13.26,1.54,47.81,60.86,0.0,0.0,0.0,0.0,training
24127849,17.98,782,18.87,15.45,2.32,54.89,68.85,0.0,0.0,0.0,0.0,training
24127861,21.76,950,18.71,15.62,3.54,66.77,84.37,0.0,0.0,0.0,0.0,training
24127863,11.31,1269,11.85,9.03,0.94,20.23,27.2,0.0,0.0,0.0,0.0,training
24127866,18.93,751,19.31,15.42,1.54,56.11,70.1,0.0,0.0,0.0,0.0,training
24127854,13.73,544,19.32,14.42,1.13,38.85,49.33,0.0,0.0,0.0,0.0,training
24127472,22.28,716,22.1,17.26,3.96,71.79,91.69,0.0,0.0,0.0,0.0,training
24127473,24.14,1327,16.53,13.64,2.58,63.61,80.81,0.0,0.0,0.0,0.0,training
24127467,15.75,870,16.68,13.53,2.95,42.02,54.99,0.0,0.0,0.0,0.0,training
28168144,26.46,1019,19.91,17.22,4.55,88.35,110.26,0.0,0.0,0.0,0.0,training
24128382,13.0,740,16.1,12.68,1.08,32.63,41.68,0.0,0.0,0.0,0.0,training
24127905,17.28,682,19.38,15.37,1.61,51.29,64.36,0.0,0.0,0.0,0.0,training
24128381,13.38,816,15.62,12.64,1.11,33.11,42.18,0.0,0.0,0.0,0.0,training
24127923,20.11,641,21.8,17.71,1.72,67.59,82.98,0.0,0.0,0.0,0.0,training
24127924,21.76,510,25.1,19.81,1.95,80.53,98.12,0.0,0.0,0.0,0.0,training
24127907,11.72,1323,13.28,10.19,0.95,23.58,31.01,0.0,0.0,0.0,0.0,training
24127900,21.74,951,18.72,15.67,2.21,65.81,81.78,0.0,0.0,0.0,0.0,training
24128354,14.62,490,20.95,15.62,1.19,44.16,55.6,0.0,0.0,0.0,0.0,training
24128380,16.59,442,23.44,18.15,1.29,57.08,70.18,0.0,0.0,0.0,0.0,training
24127867,17.89,445,24.12,18.23,1.61,61.73,76.4,0.0,0.0,0.0,0.0,training
24128352,13.37,393,22.28,17.36,1.06,44.4,54.82,0.0,0.0,0.0,0.0,training
24127852,21.76,777,20.79,17.27,3.94,72.69,91.51,0.0,0.0,0.0,0.0,training
24127853,25.32,477,28.02,21.64,2.53,99.99,121.35,0.0,0.0,0.0,0.0,training
24127819,20.01,635,22.15,18.25,3.65,69.21,87.01,0.0,0.0,0.0,0.0,training
24127850,13.53,619,17.91,13.04,1.14,35.25,45.44,0.0,0.0,0.0,0.0,training
24127848,20.79,454,25.84,20.2,1.84,78.22,95.19,0.0,0.0,0.0,0.0,training
24127998,11.62,316,23.18,16.79,0.92,37.61,47.06,0.0,0.0,0.0,0.0,training
24128387,10.29,696,14.87,10.91,0.88,23.25,30.41,0.0,0.0,0.0,0.0,training
24128024,10.48,618,15.88,11.25,0.9,24.16,31.79,0.0,0.0,0.0,0.0,training
24128013,15.51,586,19.77,14.94,1.27,45.15,57.0,0.0,0.0,0.0,0.0,training
24128015,16.93,525,21.8,15.58,1.37,51.35,64.99,0.0,0.0,0.0,0.0,training
24127700,24.0,758,22.2,18.37,4.77,82.41,104.08,0.0,0.0,0.0,0.0,training
24127383,12.75,2749,8.74,7.48,1.5,20.29,27.81,0.0,0.0,0.0,0.0,training
24127680,17.8,3184,10.91,10.44,2.41,39.19,50.12,0.0,0.0,0.0,0.0,training
24127846,19.8,962,17.61,14.68,3.54,57.45,73.64,0.0,0.0,0.0,0.0,training
24127844,13.42,1213,13.67,11.38,2.34,30.82,40.84,0.0,0.0,0.0,0.0,training
24127688,24.16,973,19.53,16.51,4.52,76.87,97.42,0.0,0.0,0.0,0.0,training
24127689,15.32,1340,13.92,11.25,2.27,35.11,46.21,0.0,0.0,0.0,0.0,training
24127696,20.12,637,21.96,17.94,3.43,67.57,85.14,0.0,0.0,0.0,0.0,training
24127841,13.12,886,15.13,12.12,2.3,31.07,41.36,0.0,0.0,0.0,0.0,training
24127691,17.22,974,16.8,13.83,2.55,47.04,60.24,0.0,0.0,0.0,0.0,training
24127818,17.76,1727,13.41,12.64,2.8,47.26,59.17,0.0,0.0,0.0,0.0,training
24127378,12.72,1396,12.44,9.53,1.39,23.89,32.39,0.0,0.0,0.0,0.0,training
24127379,14.7,523,20.37,16.21,1.88,46.38,58.29,0.0,0.0,0.0,0.0,training
24127822,22.67,547,24.94,20.15,3.61,85.44,105.74,0.0,0.0,0.0,0.0,training
24127823,17.17,1879,12.06,9.28,1.61,31.01,41.91,0.0,0.0,0.0,0.0,training
24128281,20.5,540,23.54,18.54,1.59,71.85,87.93,0.0,0.0,0.0,0.0,training
24127870,22.35,678,22.04,17.95,1.76,75.01,92.01,0.0,0.0,0.0,0.0,training
24128379,14.71,507,20.72,15.85,1.19,44.98,56.31,0.0,0.0,0.0,0.0,training
25187790,28.61,646,25.92,21.5,3.94,116.99,141.7,0.0,0.0,0.0,0.0,training
25187791,4.73,487,22.42,19.03,0.87,17.81,22.1,0.0,0.0,0.0,0.0,training
25036544,23.79,775,21.91,18.22,3.74,84.36,104.42,0.0,0.0,0.0,0.0,training
25036548,29.95,717,25.38,20.75,5.75,118.27,146.36,0.0,0.0,0.0,0.0,training
25036549,18.39,1379,14.68,12.84,2.73,47.72,60.78,0.0,0.0,0.0,0.0,training
25036551,19.79,2104,13.24,13.74,3.16,59.72,72.15,0.0,0.0,0.0,0.0,training
25036552,12.77,3530,10.14,8.93,1.16,24.22,31.52,0.0,0.0,0.0,0.0,training
25036400,19.36,478,24.49,20.43,3.6,77.51,95.57,0.0,0.0,0.0,0.0,training
25036554,29.17,1020,21.04,17.67,5.66,99.64,125.5,0.0,0.0,0.0,0.0,training
25036555,11.21,3378,7.13,6.85,1.21,16.67,22.7,0.0,0.0,0.0,0.0,training
25036561,15.64,1076,15.12,11.92,2.55,36.78,48.89,0.0,0.0,0.0,0.0,training
25036517,26.34,701,24.32,19.2,3.51,96.02,118.44,0.0,0.0,0.0,0.0,training
25036518,12.32,5697,6.01,6.44,1.27,17.64,24.06,0.0,0.0,0.0,0.0,training
25036519,13.38,1642,11.63,9.12,1.86,24.25,33.44,0.0,0.0,0.0,0.0,training
25036393,18.35,1197,15.44,13.0,2.94,47.33,61.22,0.0,0.0,0.0,0.0,training
25036550,29.8,491,30.51,23.38,5.17,124.05,152.56,0.0,0.0,0.0,0.0,training
25187802,28.18,1315,18.32,16.12,3.69,88.96,109.86,0.0,0.0,0.0,0.0,training
25187698,15.89,619,19.48,15.03,1.3,46.73,58.7,0.0,0.0,0.0,0.0,training
25187701,28.81,1032,20.76,17.43,4.46,96.47,120.31,0.0,0.0,0.0,0.0,training
25036639,11.79,6316,5.49,6.44,1.08,17.31,23.15,0.0,0.0,0.0,0.0,training
25036473,12.92,2217,9.97,8.63,1.84,22.91,31.18,0.0,0.0,0.0,0.0,training
25036543,29.99,1259,19.03,16.9,5.65,100.87,125.64,0.0,0.0,0.0,0.0,training
25036401,24.86,715,22.84,19.71,3.8,92.62,113.63,0.0,0.0,0.0,0.0,training
25187810,24.18,954,20.27,16.53,3.3,78.75,98.07,0.0,0.0,0.0,0.0,training
25187811,39.72,729,28.73,22.91,7.39,164.27,202.43,0.0,0.0,0.0,0.0,training
25187690,11.15,744,14.96,11.37,0.94,25.87,33.51,0.0,0.0,0.0,0.0,training
25187703,17.65,1553,14.46,12.65,2.37,45.73,57.86,0.0,0.0,0.0,0.0,training
25187704,22.49,897,20.02,16.7,3.86,72.84,91.65,0.0,0.0,0.0,0.0,training
24127572,30.34,981,21.78,19.42,5.43,123.16,149.16,0.0,0.0,0.0,0.0,training
24133666,29.7,1557,16.73,16.68,5.57,107.23,129.19,0.0,0.0,0.0,0.0,training
24127573,21.12,906,18.67,16.45,4.03,72.5,89.99,0.0,0.0,0.0,0.0,training
24128619,24.59,2205,14.02,13.51,3.55,69.26,85.35,0.0,0.0,0.0,0.0,training
24128621,17.02,1193,15.03,12.31,2.45,42.34,54.84,0.0,0.0,0.0,0.0,training
24128616,13.41,1183,13.6,12.65,2.43,36.2,45.72,0.0,0.0,0.0,0.0,training
24127544,23.86,579,24.53,17.39,4.73,89.87,116.0,0.0,0.0,0.0,0.0,training
24127738,29.65,852,23.25,19.05,4.36,108.5,133.65,0.0,0.0,0.0,0.0,training
24127739,12.04,782,16.34,13.16,1.74,31.28,40.32,0.0,0.0,0.0,0.0,training
24127740,23.17,1090,18.03,15.61,4.35,74.93,93.84,0.0,0.0,0.0,0.0,training
24127741,26.34,1790,15.44,13.91,3.69,74.28,92.7,0.0,0.0,0.0,0.0,training
24127742,26.37,704,24.07,19.73,3.4,99.01,120.91,0.0,0.0,0.0,0.0,training
24127599,30.82,741,25.28,21.17,5.64,128.64,156.97,0.0,0.0,0.0,0.0,training
24127601,28.84,784,23.83,20.02,5.82,109.37,136.13,0.0,0.0,0.0,0.0,training
24127602,29.84,991,21.31,19.3,5.74,120.57,146.63,0.0,0.0,0.0,0.0,training
24127588,30.11,548,28.59,22.7,2.99,125.12,150.18,0.0,0.0,0.0,0.0,training
24127570,29.23,1073,21.35,17.33,4.42,100.02,124.26,0.0,0.0,0.0,0.0,training
24127592,29.01,822,23.95,19.07,4.57,107.39,132.69,0.0,0.0,0.0,0.0,training
24127324,21.17,581,23.64,19.38,4.11,76.15,95.56,0.0,0.0,0.0,0.0,training
24127584,38.1,615,30.46,24.47,5.93,164.68,199.61,0.0,0.0,0.0,0.0,training
24127585,37.22,550,31.54,24.92,5.98,165.51,200.52,0.0,0.0,0.0,0.0,training
24127590,31.74,836,24.17,19.93,5.01,120.49,148.14,0.0,0.0,0.0,0.0,training
24127563,25.11,955,20.39,16.77,4.01,80.37,101.25,0.0,0.0,0.0,0.0,training
24127565,25.18,982,19.72,16.32,2.38,75.95,94.78,0.0,0.0,0.0,0.0,training
24127553,17.21,3093,10.87,9.69,2.39,34.41,45.41,0.0,0.0,0.0,0.0,training
24127576,36.46,514,32.59,25.74,6.99,164.22,200.28,0.0,0.0,0.0,0.0,training
24127394,23.16,1532,15.81,13.79,3.74,64.02,81.25,0.0,0.0,0.0,0.0,training
24127434,23.69,709,22.85,18.42,3.88,83.19,103.89,0.0,0.0,0.0,0.0,training
24127391,14.99,1425,12.76,10.35,1.65,30.36,40.17,0.0,0.0,0.0,0.0,training
24127327,25.58,675,24.33,20.21,5.39,94.5,118.56,0.0,0.0,0.0,0.0,training
24127328,28.84,867,24.35,19.81,5.61,108.68,134.83,0.0,0.0,0.0,0.0,training
24127710,38.33,732,28.12,22.57,4.57,157.22,189.93,0.0,0.0,0.0,0.0,training
24126790,19.44,816,18.39,16.62,2.61,64.65,79.07,0.0,0.0,0.0,0.0,training
24127708,19.16,802,18.64,16.21,3.32,62.0,77.64,0.0,0.0,0.0,0.0,training
24127612,11.28,752,15.28,11.76,1.69,26.79,35.44,0.0,0.0,0.0,0.0,training
24126757,18.42,1043,16.24,13.84,3.38,50.36,65.01,0.0,0.0,0.0,0.0,training
24127331,19.9,498,23.95,19.49,1.75,72.78,88.52,0.0,0.0,0.0,0.0,training
24126758,21.99,485,25.8,20.54,2.1,83.73,101.73,0.0,0.0,0.0,0.0,training
24126759,26.77,683,24.53,19.71,4.73,97.58,122.02,0.0,0.0,0.0,0.0,training
24126760,29.6,536,28.55,22.53,3.67,121.69,147.48,0.0,0.0,0.0,0.0,training
24127335,20.55,641,22.18,17.65,3.09,68.09,85.66,0.0,0.0,0.0,0.0,training
24127615,16.4,732,18.2,14.46,1.49,46.28,58.38,0.0,0.0,0.0,0.0,training
24127617,25.55,729,23.43,18.63,2.96,90.31,111.17,0.0,0.0,0.0,0.0,training
24127666,21.38,638,22.32,20.12,3.68,90.55,108.71,0.0,0.0,0.0,0.0,training
24127663,20.44,704,20.51,19.77,3.54,88.16,104.64,0.0,0.0,0.0,0.0,training
24127661,25.54,592,25.56,21.15,4.78,102.37,126.19,0.0,0.0,0.0,0.0,training
24127765,17.81,1038,16.65,14.45,3.27,51.65,65.66,0.0,0.0,0.0,0.0,training
24127766,10.93,1175,12.12,9.57,1.57,21.68,29.23,0.0,0.0,0.0,0.0,training
24127731,35.04,483,32.8,24.85,6.55,149.39,184.0,0.0,0.0,0.0,0.0,training
24127729,28.34,1328,17.86,16.77,5.23,100.54,122.42,0.0,0.0,0.0,0.0,training
24127659,21.2,846,20.11,16.07,3.66,67.18,85.2,0.0,0.0,0.0,0.0,training
24127769,21.59,760,20.92,17.56,3.78,72.02,90.47,0.0,0.0,0.0,0.0,training
24127756,11.39,461,19.1,14.25,0.94,31.82,40.49,0.0,0.0,0.0,0.0,training
24127685,15.52,3342,8.54,7.74,1.48,25.58,33.89,0.0,0.0,0.0,0.0,training
24127675,14.16,428,21.99,16.59,1.13,45.46,56.62,0.0,0.0,0.0,0.0,training
24127682,11.46,557,16.99,15.83,2.25,40.03,49.08,0.0,0.0,0.0,0.0,training
24127734,22.36,860,20.3,16.68,2.42,72.17,89.23,0.0,0.0,0.0,0.0,training
24127779,17.64,487,23.14,17.94,1.76,59.56,73.92,0.0,0.0,0.0,0.0,training
24127732,31.26,776,25.27,20.03,3.58,118.51,144.44,0.0,0.0,0.0,0.0,training
24127735,30.8,747,25.31,20.54,3.08,117.28,142.06,0.0,0.0,0.0,0.0,training
24127693,9.68,504,18.31,14.2,1.51,27.12,34.97,0.0,0.0,0.0,0.0,training
24127635,11.68,2011,10.8,8.83,0.97,21.11,27.9,0.0,0.0,0.0,0.0,training
24127716,15.89,418,23.6,21.76,2.98,75.17,89.17,0.0,0.0,0.0,0.0,training
24127684,22.59,774,21.76,17.35,3.64,77.64,97.01,0.0,0.0,0.0,0.0,training
24127683,35.51,602,29.87,23.44,6.68,149.4,184.04,0.0,0.0,0.0,0.0,training
24127639,18.84,1564,14.1,11.97,2.64,45.02,58.24,0.0,0.0,0.0,0.0,training
24127754,10.62,939,12.99,10.17,1.22,22.56,29.7,0.0,0.0,0.0,0.0,training
24127678,26.57,1064,19.96,16.56,4.41,86.18,108.16,0.0,0.0,0.0,0.0,training
24127781,32.05,908,23.45,19.31,5.67,117.04,145.55,0.0,0.0,0.0,0.0,training
24127774,31.95,1194,20.26,17.49,5.1,112.48,138.5,0.0,0.0,0.0,0.0,training
24127679,10.27,683,15.14,12.32,1.78,25.9,33.9,0.0,0.0,0.0,0.0,training
24128299,11.46,1773,10.18,8.24,0.91,18.77,25.18,0.0,0.0,0.0,0.0,training
24128303,18.38,839,17.93,14.35,1.51,50.88,64.13,0.0,0.0,0.0,0.0,training
24128304,17.48,650,19.53,15.38,1.43,51.4,64.53,0.0,0.0,0.0,0.0,training
24128293,20.69,1518,14.99,12.82,2.76,53.13,67.68,0.0,0.0,0.0,0.0,training
24128305,14.01,913,15.1,11.69,1.18,32.57,42.14,0.0,0.0,0.0,0.0,training
24128306,12.41,1959,10.1,8.32,0.98,20.24,27.1,0.0,0.0,0.0,0.0,training
24127655,16.09,737,17.46,13.99,1.56,41.71,53.54,0.0,0.0,0.0,0.0,training
24127752,12.85,681,16.63,12.78,1.08,32.49,41.67,0.0,0.0,0.0,0.0,training
24127650,12.26,1422,13.21,10.21,0.98,24.17,31.84,0.0,0.0,0.0,0.0,training
24127658,14.41,595,18.84,14.27,1.2,40.06,50.9,0.0,0.0,0.0,0.0,training
24127843,26.71,711,23.68,18.93,2.46,94.81,116.09,0.0,0.0,0.0,0.0,training
28168209,32.4,830,24.34,20.06,4.85,121.35,149.39,0.0,0.0,0.0,0.0,training
24127642,33.31,450,32.82,25.58,6.02,145.33,177.83,17.48,21.5,2.87,59.23,holdout
24127416,18.32,257,31.25,21.99,1.78,72.76,89.08,18.36,16.31,2.84,48.33,holdout
24127469,11.8,640,16.42,11.99,1.01,28.59,37.18,18.66,14.55,1.66,55.07,holdout
25037112,23.9,798,21.03,17.07,2.14,76.63,94.89,24.29,15.89,2.39,80.93,holdout
25037148,14.03,552,19.75,15.64,1.65,43.26,54.22,15.69,15.16,1.97,45.41,holdout
25037157,18.69,742,19.3,15.36,1.82,55.29,69.51,21.24,15.85,2.05,73.74,holdout
24126872,25.65,719,23.34,19.02,3.24,93.52,114.71,24.19,17.68,2.97,83.19,holdout
24129176,31.21,809,24.65,19.97,5.92,115.33,144.1,29.57,20.95,5.29,112.98,holdout
24129129,18.14,1250,15.2,13.01,2.93,47.27,60.81,24.52,13.52,3.76,76.2,holdout
24129168,23.85,747,22.57,18.12,3.99,84.29,105.23,26.83,19.36,4.51,95.12,holdout
24129078,34.02,640,28.23,22.49,5.68,140.03,171.66,32.23,25.41,5.36,137.12,holdout
24129102,17.76,594,20.65,16.33,1.59,55.06,68.76,17.4,14.66,1.3,54.86,holdout
25036484,17.33,725,18.83,15.07,1.91,51.44,64.65,20.94,16.72,2.15,65.04,holdout
25036485,21.77,1038,17.81,14.8,2.67,62.55,78.9,23.63,15.21,2.62,78.07,holdout
25036427,22.23,606,23.4,19.38,2.94,82.74,101.32,19.08,17.3,2.1,61.41,holdout
24129097,31.98,449,32.12,25.73,5.27,146.02,176.26,27.32,20.5,4.71,98.81,holdout
25036499,31.14,507,30.23,23.49,4.8,131.26,160.07,32.5,23.45,5.34,134.06,holdout
24129194,22.44,406,28.45,22.94,2.83,95.57,115.07,20.57,17.52,2.66,69.74,holdout
28167698,20.42,294,30.44,23.69,1.97,88.02,105.59,20.32,16.46,2.41,57.2,holdout
25036586,18.61,760,18.86,15.44,2.03,55.29,69.39,17.32,15.38,2.41,40.46,holdout
25036588,16.14,702,18.64,14.39,2.35,45.52,58.69,20.39,19.18,2.63,74.01,holdout
25036576,18.29,867,17.46,14.41,2.44,50.47,64.46,18.05,18.18,3.31,46.41,holdout
25036559,20.67,587,23.49,18.36,2.4,73.22,90.28,21.13,17.31,2.73,69.5,holdout
25037161,16.26,758,17.94,14.37,1.77,45.74,57.88,23.12,17.16,2.79,76.83,holdout
25187711,25.57,1307,17.91,17.17,4.32,93.28,111.81,18.25,14.95,3.46,59.07,holdout
25187657,21.7,389,28.7,21.5,3.48,84.35,104.92,22.63,19.0,3.38,86.8,holdout
24127529,11.58,2628,9.33,8.25,1.67,20.11,27.48,11.57,9.2,1.56,22.15,holdout
25037103,26.75,1085,19.7,16.88,3.55,90.81,111.38,22.07,14.12,3.29,72.03,holdout
24127422,23.48,713,23.09,17.98,2.98,81.33,100.9,25.07,18.23,3.56,90.12,holdout
24127490,20.12,742,20.15,17.92,3.44,73.56,90.12,19.82,15.56,3.71,62.41,holdout
24127340,21.25,891,18.91,15.29,2.24,61.58,77.73,24.15,15.83,2.56,78.79,holdout
24129271,30.39,568,28.72,22.68,6.06,122.13,151.85,30.63,21.84,6.28,111.91,holdout
24129223,28.64,944,21.43,18.94,5.45,110.7,135.64,27.76,16.23,5.53,94.97,holdout
24126956,32.64,1067,21.85,18.34,6.0,117.92,146.66,27.56,16.36,4.67,93.18,holdout
24126999,26.57,978,20.46,17.13,4.44,87.82,110.14,30.84,19.78,5.34,116.29,holdout
24127002,17.55,779,18.4,14.56,2.36,49.51,63.47,21.87,17.67,2.44,84.55,holdout
24126949,16.25,1443,13.86,11.98,2.79,39.51,51.34,17.4,11.89,1.21,46.42,holdout
24126987,20.05,461,25.55,21.21,4.01,78.86,97.96,25.84,19.84,4.39,103.12,holdout
24126970,24.07,971,19.61,16.72,3.99,80.12,99.71,22.18,15.08,3.98,65.92,holdout
24126964,31.5,1000,22.21,18.76,6.2,112.69,140.89,29.18,18.11,5.67,106.28,holdout
24126947,18.78,787,19.07,15.84,3.24,58.21,73.79,25.67,17.17,4.47,85.79,holdout
24126902,19.3,561,22.71,18.44,2.64,68.62,84.86,22.15,17.04,3.0,69.87,holdout
24126973,11.18,6153,5.37,5.8,1.05,15.17,20.97,5.88,7.01,0.79,2.8,holdout
24127077,17.5,1608,13.05,10.3,1.92,34.85,46.58,20.82,13.41,2.38,65.01,holdout
24129127,21.82,804,20.46,17.08,3.91,71.9,90.54,25.83,17.96,4.71,85.34,holdout
24126979,22.13,1389,15.99,14.23,3.08,63.45,79.19,24.15,14.44,4.24,81.04,holdout
24127092,31.76,416,33.1,26.11,5.45,143.37,174.0,30.96,23.46,5.15,123.87,holdout
24127067,27.89,1124,19.41,16.89,4.27,94.41,116.49,25.17,16.02,3.71,78.87,holdout
24126880,17.68,650,20.22,16.52,2.22,57.41,71.42,21.43,16.68,2.73,67.36,holdout
24126936,25.11,1517,16.31,14.69,3.94,74.52,92.98,25.7,15.65,4.02,84.53,holdout
24127152,38.14,484,33.66,26.36,6.6,173.49,210.43,32.36,24.04,5.59,130.83,holdout
24127084,25.44,971,19.99,16.62,2.69,80.4,99.69,26.41,17.03,2.88,90.9,holdout
24127157,31.93,905,23.12,18.79,3.64,113.52,139.44,26.93,19.35,3.37,98.0,holdout
24128079,24.84,1011,19.25,16.54,4.17,81.53,101.82,21.83,15.19,3.48,67.48,holdout
24128071,11.85,2118,11.4,8.56,1.01,20.59,27.68,14.61,10.17,1.07,33.63,holdout
24128039,14.14,605,18.56,14.17,1.46,38.98,49.89,19.8,16.21,2.44,60.99,holdout
24128031,27.58,565,27.26,21.92,4.85,108.7,134.33,26.78,19.84,4.43,104.69,holdout
24127934,31.07,1025,21.63,18.52,5.81,112.06,139.22,27.26,18.12,5.57,88.9,holdout
24128087,18.54,598,21.24,16.58,1.66,58.91,73.39,17.83,14.87,1.64,55.05,holdout
24127202,20.65,379,27.77,21.85,1.81,83.18,100.23,17.4,15.45,1.24,62.21,holdout
24127191,29.49,885,22.37,18.22,3.09,99.2,122.67,26.96,18.92,3.42,98.32,holdout
24128158,31.52,1050,21.62,18.6,5.9,118.13,145.72,23.48,16.95,4.44,81.49,holdout
24127198,38.08,718,28.29,22.73,7.24,157.38,194.15,30.72,21.37,6.29,120.35,holdout
24128171,27.78,563,27.28,21.38,4.93,108.79,135.07,29.22,20.92,5.02,114.74,holdout
24127033,23.58,1246,17.08,15.23,4.03,72.73,90.75,25.63,15.86,4.31,85.0,holdout
24127115,25.05,1211,17.76,15.86,4.31,79.75,99.29,25.06,15.78,4.59,80.31,holdout
24127877,32.22,691,26.6,22.32,6.21,136.31,166.67,30.3,21.57,5.48,111.45,holdout
24128892,10.45,1910,12.33,9.75,0.89,20.97,27.35,10.0,8.71,0.96,18.34,holdout
24127362,21.08,764,20.81,16.39,2.41,67.57,84.29,23.0,17.85,2.61,79.63,holdout
24127364,29.25,907,22.24,18.63,4.86,104.36,129.57,29.26,20.42,4.66,109.87,holdout
24128989,35.64,851,25.66,20.8,6.84,139.14,172.36,26.07,16.95,4.66,92.53,holdout
24127107,26.44,1257,17.73,16.89,4.67,92.73,112.78,26.41,18.03,4.9,94.85,holdout
24127981,22.28,424,27.54,21.85,2.2,89.15,107.74,21.02,15.78,2.06,66.66,holdout
24127873,25.31,410,29.76,23.75,2.98,110.37,132.4,24.26,19.89,2.94,89.6,holdout
24127984,27.4,481,29.01,22.67,4.06,112.36,137.31,28.74,21.62,4.74,109.83,holdout
24127368,18.66,592,21.55,17.32,1.48,61.01,75.21,19.57,14.77,1.6,62.11,holdout
24127833,18.34,655,20.3,15.6,1.73,55.15,69.45,18.79,15.62,1.72,58.68,holdout
24127896,18.24,379,26.25,20.78,1.55,70.08,84.87,20.01,13.91,1.65,61.86,holdout
24127879,26.46,456,29.07,23.62,2.74,115.24,137.42,23.35,18.81,2.72,82.01,holdout
24127365,12.43,1500,11.85,9.46,1.01,22.35,29.82,14.26,13.82,0.41,51.96,holdout
24127419,10.77,1179,12.97,8.28,0.94,20.09,27.56,11.03,10.98,0.86,25.66,holdout
24128003,14.52,459,21.96,16.24,1.34,45.66,57.36,17.13,15.78,1.43,55.15,holdout
24127913,20.27,801,19.73,16.09,2.19,63.71,79.16,15.39,17.66,1.6,45.64,holdout
24127812,16.03,2089,10.96,8.66,1.43,27.68,37.23,20.82,12.98,1.58,63.13,holdout
24127799,16.06,480,22.13,16.98,1.28,52.22,64.8,16.95,14.5,1.25,52.56,holdout
24127646,20.31,767,20.18,16.76,3.91,65.69,83.46,28.16,20.64,5.34,105.7,holdout
24127608,28.0,974,21.18,17.6,4.89,96.48,120.48,24.66,16.74,5.2,81.27,holdout
24128014,14.05,679,17.39,13.5,1.17,37.6,47.77,17.98,14.28,1.29,55.27,holdout
24128011,12.91,671,16.47,13.0,1.27,32.53,41.88,18.4,18.45,2.14,58.55,holdout
24127690,27.43,760,23.57,19.52,4.96,101.9,126.53,25.62,18.49,4.66,83.54,holdout
24127902,19.43,415,26.27,20.44,1.79,73.77,89.78,16.83,15.97,1.33,55.16,holdout
24127925,29.34,704,25.27,19.98,3.58,109.97,134.83,22.27,18.54,2.63,74.74,holdout
24127912,19.54,446,25.13,19.6,1.68,71.63,87.46,16.52,15.23,1.27,51.73,holdout
24128383,17.81,415,24.88,19.24,1.52,64.34,78.79,17.83,15.99,1.45,55.21,holdout
24127999,11.99,321,23.36,16.88,0.95,38.95,48.72,11.55,15.07,0.94,35.96,holdout
24127816,12.57,3023,8.65,8.2,1.6,22.02,29.4,14.46,9.33,2.08,34.36,holdout
25187797,25.34,733,22.73,18.51,3.02,88.95,109.56,19.84,17.76,2.4,63.7,holdout
25036546,19.2,1696,13.95,13.35,3.23,54.74,67.91,18.11,13.83,3.31,51.18,holdout
25187726,13.64,3302,12.89,11.77,2.27,33.88,43.66,12.57,9.6,2.36,28.27,holdout
25187694,24.26,715,22.39,18.27,2.18,82.93,101.79,23.57,17.57,2.54,79.35,holdout
25036395,21.57,1343,15.93,13.96,3.53,60.34,76.51,25.72,15.49,4.43,84.19,holdout
25187706,32.49,668,27.08,21.72,5.49,133.39,163.72,31.53,21.22,5.98,119.82,holdout
25187696,21.96,787,20.46,16.53,2.06,68.68,85.46,24.02,18.49,2.38,89.91,holdout
24127571,40.45,792,28.02,22.13,6.03,164.88,201.26,30.71,22.41,4.64,113.69,holdout
24128624,14.83,1350,13.47,13.12,2.66,42.81,53.0,19.52,15.14,2.92,68.7,holdout
24127593,23.51,536,25.35,20.52,2.47,90.63,109.95,23.48,17.64,2.79,80.36,holdout
24127580,24.17,1044,18.71,16.28,3.95,79.78,99.04,23.67,15.46,3.75,76.49,holdout
24127336,20.94,656,22.27,18.14,4.01,71.07,89.91,25.4,19.79,4.7,91.42,holdout
24127554,28.22,841,23.12,18.76,5.59,97.68,123.55,30.98,20.86,5.89,117.5,holdout
24127555,23.86,579,24.53,17.39,4.73,89.87,116.0,26.7,19.78,4.57,97.36,holdout
24127329,24.41,753,23.07,19.15,5.04,90.46,112.84,28.0,21.63,5.48,102.27,holdout
24127703,20.12,441,25.47,20.78,3.86,76.57,95.51,25.63,18.28,3.91,96.56,holdout
24126761,21.67,557,24.42,19.11,2.61,78.5,96.74,20.04,16.1,2.5,65.72,holdout
24127725,35.51,768,26.4,21.65,4.72,141.69,172.07,32.03,22.46,4.93,120.76,holdout
24127687,12.54,3909,7.58,7.44,1.33,20.59,27.36,16.07,11.85,1.9,43.32,holdout
24127645,20.79,271,32.14,25.33,3.81,91.8,112.5,16.03,22.68,3.3,48.77,holdout
24127768,9.31,3059,6.54,6.05,0.91,12.77,17.58,9.74,9.14,1.26,16.74,holdout
24128301,15.95,1446,13.03,10.16,1.46,31.64,41.99,19.19,12.79,1.81,54.95,holdout
24128296,23.23,747,21.29,17.17,2.1,75.84,93.75,21.42,15.63,2.03,67.19,holdout
24127847,15.08,1578,12.71,9.65,1.35,29.05,38.76,19.14,12.59,1.79,54.47,holdout
